{"datas":[{"children":[{"confParams":{"config.json":{"compiledContent":"","content":""},"configLoad.js":{"compiledContent":"","content":""},"config_default.json":{"compiledContent":"","content":""},"configLoad_default.js":{"compiledContent":"","content":""},"configJson_default_id":"34698bfbfffc4df986243955500b605c","config_id":"1d31458f571c49fc8772a9652cfdaa8d","config_default_id":"cec25ff0ce454f2dbb6f867ad165c865","config.js":{"compiledContent":"","content":""},"configLoad_id":"6d641095dd554fd79fb380293f924400","config_default.js":{"compiledContent":"","content":""},"configJson_id":"fcbacf1aaf524d0885116583cab3ea0b","configLoad_default_id":"30a9908b4dd94cb6aded8e2e68e141af"},"coverConfig":false,"debugMode":"n","encoded":false,"encrypted":false,"exist":false,"hasChild":true,"id":"e79f9ac969534caa9877905ca3d39154","keepAppIdFlag":false,"lockFlag":false,"name":"标题带入新建文档标题","parentId":"2b9c6a2ac446400e8a4206b550861c71","rootFolderFlag":false,"shareMd":"n","status":"released","treeType":"folder"}],"coverConfig":false,"encoded":false,"encrypted":false,"exist":false,"hasChild":true,"id":"2b9c6a2ac446400e8a4206b550861c71","keepAppIdFlag":false,"lockFlag":false,"name":"项目","parentId":"root","rootFolderFlag":false,"treeType":"type"}]}