{"datas":[{"children":[{"children":[{"confParams":{"config.json":{"compiledContent":"","content":""},"configLoad.js":{"compiledContent":"","content":""},"config_default.json":{"compiledContent":"","content":""},"configLoad_default.js":{"compiledContent":"","content":""},"configJson_default_id":"c2c6ebe6b2924e698df2ca2f865ddf5e","config_id":"c9267bfabdbe4c428175fe7202a90a84","config_default_id":"fd0ecc840b0442228269be1e53a381fd","config.js":{"compiledContent":"","content":""},"configLoad_id":"f66596993f9e436e9f2be17411211e8d","config_default.js":{"compiledContent":"","content":""},"configJson_id":"7f4af183621b49de865508ba45b262a6","configLoad_default_id":"0ce6d41da6594d8680dc2709cccf6693"},"coverConfig":false,"debugMode":"n","encoded":false,"encrypted":false,"exist":false,"hasChild":true,"id":"41e3aec2f6d14c3bb814388d1c7f75eb","keepAppIdFlag":false,"lockFlag":false,"name":"公文流程去掉签字意见与我相关(fx)","parentId":"68e5f574008b46dfb16a3694a8141437","rootFolderFlag":false,"shareMd":"n","status":"released","treeType":"folder"}],"coverConfig":false,"encoded":false,"encrypted":false,"exist":false,"hasChild":true,"id":"68e5f574008b46dfb16a3694a8141437","keepAppIdFlag":false,"lockFlag":false,"name":"流程","parentId":"b5418fa9770248aaa9119e5dd7a2ec19","rootFolderFlag":false,"treeType":"type"}],"coverConfig":false,"encoded":false,"encrypted":false,"exist":false,"hasChild":true,"id":"b5418fa9770248aaa9119e5dd7a2ec19","keepAppIdFlag":false,"lockFlag":false,"name":"二次开发","parentId":"root","rootFolderFlag":false,"treeType":"type"}]}