{"datas":[{"children":[{"confParams":{"config.json":{"compiledContent":"","content":""},"configLoad.js":{"compiledContent":"","content":""},"config_default.json":{"compiledContent":"","content":""},"configLoad_default.js":{"compiledContent":"","content":""},"configJson_default_id":"ebfbfb4b164142d7b999645c1ab84b41","config_id":"4d0c9606128c4ee0927d7e64d7c86728","config_default_id":"5b03449931634b09bd93fa2ac8dacd54","config.js":{"compiledContent":"","content":""},"configLoad_id":"a098bde131ee492f85d7f5abcc1d0b4f","config_default.js":{"compiledContent":"","content":""},"configJson_id":"576477617fc7444892533c9804cdf76a","configLoad_default_id":"ec0178a1a645425f90ace38406ea8847"},"coverConfig":false,"debugMode":"n","encoded":false,"encrypted":false,"exist":false,"hasChild":true,"id":"dde625976fd14acf984df65700b5e76c","keepAppIdFlag":false,"lockFlag":false,"name":"人力资源浏览按钮默认同部门","parentId":"b5418fa9770248aaa9119e5dd7a2ec19","rootFolderFlag":false,"shareMd":"n","status":"","treeType":"folder"}],"coverConfig":false,"encoded":false,"encrypted":false,"exist":false,"hasChild":true,"id":"b5418fa9770248aaa9119e5dd7a2ec19","keepAppIdFlag":false,"lockFlag":false,"name":"二次开发","parentId":"root","rootFolderFlag":false,"treeType":"type"}]}