{"datas":[{"children":[{"children":[{"confParams":{"config.json":{"compiledContent":"","content":""},"configLoad.js":{"compiledContent":"","content":""},"configLoad_default.js":{"compiledContent":"","content":""},"config_default.json":{"compiledContent":"","content":""},"configJson_default_id":"4c7732e3425e4b46b38479d156854ad6","config_id":"d40b31214b5446afaaf7f3425b6736d5","config_default_id":"720d5863e6e541b88e9c4cc6b5e02906","config.js":{"compiledContent":"","content":""},"configLoad_id":"1b00a96985a945c6ac4940b1e0b56e42","config_default.js":{"compiledContent":"","content":""},"configJson_id":"c93cdf04d0064a81ae1736d3d6ec8651","configLoad_default_id":"5a9f5623625a44e2a63ad459049e0816"},"coverConfig":false,"debugMode":"n","encoded":false,"encrypted":false,"exist":false,"hasChild":true,"id":"7633097b20274b008fb76141db96e517","keepAppIdFlag":false,"lockFlag":false,"name":"督办报表(集团下发督办)","parentId":"188ea7c0754649d59194143383e66090","rootFolderFlag":false,"shareMd":"n","status":"released","treeType":"folder"}],"coverConfig":false,"encoded":false,"encrypted":false,"exist":false,"hasChild":true,"id":"188ea7c0754649d59194143383e66090","keepAppIdFlag":false,"lockFlag":false,"name":"督办管理","parentId":"3cb7ab3ac9744309ae52f7b0343d7a82","rootFolderFlag":false,"treeType":"type"}],"coverConfig":false,"encoded":false,"encrypted":false,"exist":false,"hasChild":true,"id":"3cb7ab3ac9744309ae52f7b0343d7a82","keepAppIdFlag":false,"lockFlag":false,"name":"功能模块（GT）1","parentId":"root","rootFolderFlag":false,"treeType":"type"}]}