{"datas":[{"children":[{"children":[{"confParams":{"config.json":{"compiledContent":"","content":""},"configLoad.js":{"compiledContent":"","content":""},"config_default.json":{"compiledContent":"","content":""},"configLoad_default.js":{"compiledContent":"","content":""},"configJson_default_id":"693b728b73c744ef81a17c8af5a3122a","config_id":"e970ece6812d47e0962b2f617d964932","config_default_id":"bb5a53f324f14127a254aa407cb65fb8","config.js":{"compiledContent":"","content":""},"configLoad_id":"2ee02af13f3d45f4a966cc04de14503c","config_default.js":{"compiledContent":"","content":""},"configJson_id":"c1a26f048db94858bf704079f7181edd","configLoad_default_id":"89c4f143bfb84a7bb585057ac6eb092d"},"coverConfig":false,"debugMode":"n","encoded":false,"encrypted":false,"exist":false,"hasChild":true,"id":"22972e61ef9049bbbe10ca49c2191a63","keepAppIdFlag":false,"lockFlag":false,"name":"节点子流程归档过一半才允许提交","parentId":"68e5f574008b46dfb16a3694a8141437","rootFolderFlag":false,"shareMd":"n","status":"released","treeType":"folder"}],"coverConfig":false,"encoded":false,"encrypted":false,"exist":false,"hasChild":true,"id":"68e5f574008b46dfb16a3694a8141437","keepAppIdFlag":false,"lockFlag":false,"name":"流程","parentId":"b5418fa9770248aaa9119e5dd7a2ec19","rootFolderFlag":false,"treeType":"type"}],"coverConfig":false,"encoded":false,"encrypted":false,"exist":false,"hasChild":true,"id":"b5418fa9770248aaa9119e5dd7a2ec19","keepAppIdFlag":false,"lockFlag":false,"name":"二次开发","parentId":"root","rootFolderFlag":false,"treeType":"type"}]}