{"datas":[{"children":[{"confParams":{"config.json":{"compiledContent":"","content":""},"configLoad.js":{"compiledContent":"","content":""},"configLoad_default.js":{"compiledContent":"","content":""},"config_default.json":{"compiledContent":"","content":""},"configJson_default_id":"a6df73b5bb254602a43c32436b74b2a1","config_id":"9505f4da9ebf4efeb8a7fdcfc674d67b","config_default_id":"8a9b2814a92c4615901262ba6411a5c9","config.js":{"compiledContent":"","content":""},"configLoad_id":"76c3083860a64849ab85a8e916c34cf1","config_default.js":{"compiledContent":"","content":""},"configJson_id":"1febc8d447f24406976dc23230f76670","configLoad_default_id":"09d390cead8f4b2dae3ec2402cb28643"},"coverConfig":false,"debugMode":"n","encoded":false,"encrypted":false,"exist":false,"hasChild":true,"id":"93f7a8c7cb254eaba0310af12c4bc05c","lockFlag":false,"name":"入职申请流程移动端隐藏保存按钮","parentId":"d826e44093574f8a907c6fdeaaf737cb","shareMd":"n","treeType":"folder"}],"coverConfig":false,"encoded":false,"encrypted":false,"exist":false,"hasChild":true,"id":"d826e44093574f8a907c6fdeaaf737cb","lockFlag":false,"name":"流程表单偶发status false （ecode修改）（2020年05月19日 18时26分33秒导入）","parentId":"root","treeType":"type"}]}