{"datas":[{"children":[{"children":[{"children":[{"confParams":{"config.json":{"compiledContent":"","content":""},"configLoad.js":{"compiledContent":"","content":""},"config_default.json":{"compiledContent":"","content":""},"configLoad_default.js":{"compiledContent":"","content":""},"configJson_default_id":"813fad335ee94442ba14533990157e8d","config_id":"54dbeffb1489400db53aa243999d0828","config_default_id":"bf0815f3fb454ad2951d8119e50033da","config.js":{"compiledContent":"","content":""},"configLoad_id":"5ec821e511094dff9a6c4c4980ec35d5","config_default.js":{"compiledContent":"","content":""},"configJson_id":"3bf562be4cc343b9be65bcc4f967793b","configLoad_default_id":"e50fdff7ea034d298703bf854092a099"},"coverConfig":false,"debugMode":"n","encoded":false,"encrypted":false,"exist":false,"hasChild":true,"id":"c6e7b08d4ba74298a42d3a96489e24aa","lockFlag":false,"name":"差异数据存储按钮","parentId":"9decffec1aaa4a0a9058d491a52f0da6","shareMd":"n","treeType":"folder"}],"coverConfig":false,"encoded":false,"encrypted":false,"exist":false,"hasChild":true,"id":"9decffec1aaa4a0a9058d491a52f0da6","lockFlag":false,"name":"建模","parentId":"1145d672a95d4c0192608031fa971673","treeType":"type"}],"coverConfig":false,"encoded":false,"encrypted":false,"exist":false,"hasChild":true,"id":"1145d672a95d4c0192608031fa971673","lockFlag":false,"name":"PC端","parentId":"2b4654faf24d49e2a6750caf5d576d67","treeType":"type"}],"coverConfig":false,"encoded":false,"encrypted":false,"exist":false,"hasChild":true,"id":"2b4654faf24d49e2a6750caf5d576d67","lockFlag":false,"name":"二次开发","parentId":"root","treeType":"type"}]}