{"datas":[{"children":[{"children":[{"confParams":{"config.json":{"compiledContent":"","content":""},"configLoad.js":{"compiledContent":"","content":""},"config_default.json":{"compiledContent":"","content":""},"configLoad_default.js":{"compiledContent":"","content":""},"configJson_default_id":"ff06b5bb920740938cc0a0c106075f30","config_id":"0ead77f4d4df497d9e15a07132a6c8a6","config_default_id":"9739245047c74d248e1859bda6c7233d","config.js":{"compiledContent":"","content":""},"configLoad_id":"450cbac44fc24e4abf88cdd44b87178a","config_default.js":{"compiledContent":"","content":""},"configJson_id":"f4bc7ec724774343b23f7fb2e5cb8415","configLoad_default_id":"b6ba20754f8e48639d7f4adab348d151"},"coverConfig":false,"debugMode":"n","encoded":false,"encrypted":false,"exist":false,"hasChild":true,"id":"1fa7d3f4bbd5452ab32a6c82b3745d01","keepAppIdFlag":false,"lockFlag":false,"name":"公文流程签字意见默认批示语按钮(fx)","parentId":"68e5f574008b46dfb16a3694a8141437","rootFolderFlag":false,"shareMd":"n","status":"released","treeType":"folder"}],"coverConfig":false,"encoded":false,"encrypted":false,"exist":false,"hasChild":true,"id":"68e5f574008b46dfb16a3694a8141437","keepAppIdFlag":false,"lockFlag":false,"name":"流程","parentId":"b5418fa9770248aaa9119e5dd7a2ec19","rootFolderFlag":false,"treeType":"type"}],"coverConfig":false,"encoded":false,"encrypted":false,"exist":false,"hasChild":true,"id":"b5418fa9770248aaa9119e5dd7a2ec19","keepAppIdFlag":false,"lockFlag":false,"name":"二次开发","parentId":"root","rootFolderFlag":false,"treeType":"type"}]}